module,path,family,shape_family,is_runtime_core,inbound,outbound,total
actions,actions.py,actions,other,True,27,3,30
tiny_gameplay_controller,tiny_gameplay_controller.py,tiny,tiny_*,True,15,14,29
tiny_event_handler,tiny_event_handler.py,tiny,tiny_*,True,21,7,28
tiny_strategy_manager,tiny_strategy_manager.py,tiny,tiny_*,True,18,9,27
tiny_graph_manager,tiny_graph_manager.py,tiny,tiny_*,True,12,12,24
tiny_characters,tiny_characters.py,tiny,tiny_*,True,8,16,24
tiny_buildings,tiny_buildings.py,tiny,tiny_*,True,11,3,14
tiny_locations,tiny_locations.py,tiny,tiny_*,True,11,2,13
tiny_globals,tiny_globals.py,tiny,tiny_*,True,10,2,12
tiny_output_interpreter,tiny_output_interpreter.py,tiny,tiny_*,True,10,1,11
tiny_utility_functions,tiny_utility_functions.py,tiny,tiny_*,True,9,2,11
tiny_goap_system,tiny_goap_system.py,tiny,tiny_*,True,8,3,11
tiny_prompt_builder,tiny_prompt_builder.py,tiny,tiny_*,True,7,4,11
tiny_map_controller,tiny_map_controller.py,tiny,tiny_*,True,8,2,10
tiny_types,tiny_types.py,tiny,tiny_*,True,9,0,9
tiny_storytelling_system,tiny_storytelling_system.py,tiny,tiny_*,True,7,1,8
tiny_memories,tiny_memories.py,tiny,tiny_*,True,4,4,8
tiny_items,tiny_items.py,tiny,tiny_*,True,5,2,7
tiny_brain_io,tiny_brain_io.py,tiny,tiny_*,True,6,0,6
tiny_time_manager,tiny_time_manager.py,tiny,tiny_*,True,6,0,6
goap_evaluator,goap_evaluator.py,support,other,True,5,1,6
tiny_storytelling_engine,tiny_storytelling_engine.py,tiny,tiny_*,True,5,1,6
demo_enhanced_llm_interface,demo_enhanced_llm_interface.py,demo,demo_*,False,0,6,6
test_llm_interface_integration,test_llm_interface_integration.py,test,test_*,False,0,6,6
demo_character_factory,demo_character_factory.py,demo,demo_*,False,5,0,5
demo_map_location_integration,demo_map_location_integration.py,demo,demo_*,False,0,5,5
test_global_graph_manager,test_global_graph_manager.py,test,test_*,False,0,5,5
test_integration_global_graph_manager,test_integration_global_graph_manager.py,test,test_*,False,0,5,5
test_llm_decision_integration,test_llm_decision_integration.py,test,test_*,False,0,5,5
effect_dispatcher,effect_dispatcher.py,support,other,True,2,2,4
demo_minimal_integration,demo_minimal_integration.py,demo,demo_*,False,1,3,4
llm_character_utils,llm_character_utils.py,support,other,True,1,3,4
demo_architecture_aligned,demo_architecture_aligned.py,demo,demo_*,False,0,4,4
demo_character_state_effects,demo_character_state_effects.py,demo,demo_*,False,0,4,4
demo_global_graph_manager,demo_global_graph_manager.py,demo,demo_*,False,0,4,4
demo_location_integration,demo_location_integration.py,demo,demo_*,False,0,4,4
demo_storytelling_system,demo_storytelling_system.py,demo,demo_*,False,0,4,4
test_core_global_graph_manager,test_core_global_graph_manager.py,test,test_*,False,0,4,4
test_location_integration,test_location_integration.py,test,test_*,False,0,4,4
effect_schema,effect_schema.py,support,other,True,3,0,3
graph_analytics,graph_analytics.py,support,other,True,3,0,3
simple_character_for_testing,simple_character_for_testing.py,support,other,False,3,0,3
social_model,social_model.py,support,other,True,3,0,3
world_state,world_state.py,support,other,True,3,0,3
llm_integration_utils,llm_integration_utils.py,support,other,True,2,1,3
demo_llm_integration,demo_llm_integration.py,demo,demo_*,False,1,2,3
storytelling_integration,storytelling_integration.py,support,other,True,1,2,3
test_integration_minimal,test_integration_minimal.py,test,test_*,False,1,2,3
demo_cost_integration,demo_cost_integration.py,demo,demo_*,False,0,3,3
demo_goap_integration,demo_goap_integration.py,demo,demo_*,False,0,3,3
main,main.py,entrypoint,other,True,0,3,3
test_character_ai_locations,test_character_ai_locations.py,test,test_*,False,0,3,3
test_core_llm_integration,test_core_llm_integration.py,test,test_*,False,0,3,3
test_event_integration,test_event_integration.py,test,test_*,False,0,3,3
test_event_strategy_integration,test_event_strategy_integration.py,test,test_*,False,0,3,3
test_llm_integration_pipeline,test_llm_integration_pipeline.py,test,test_*,False,0,3,3
test_storytelling_integration,test_storytelling_integration.py,test,test_*,False,0,3,3
validate_storytelling_integration,validate_storytelling_integration.py,validation,validate_/verify_*,False,0,3,3
verify_real_character_fix,verify_real_character_fix.py,validation,validate_/verify_*,False,0,3,3
tiny_animation_system,tiny_animation_system.py,tiny,tiny_*,True,2,0,2
tiny_building_manager,tiny_building_manager.py,tiny,tiny_*,True,2,0,2
tiny_jobs,tiny_jobs.py,tiny,tiny_*,True,2,0,2
tiny_util_funcs,tiny_util_funcs.py,tiny,tiny_*,True,2,0,2
demo_building_functionality,demo_building_functionality.py,demo,demo_*,False,0,2,2
demo_custom_building_loading,demo_custom_building_loading.py,demo,demo_*,False,0,2,2
demo_llm_strategic_integration,demo_llm_strategic_integration.py,demo,demo_*,False,0,2,2
demo_social_interactions,demo_social_interactions.py,demo,demo_*,False,0,2,2
demo_unified_goap,demo_unified_goap.py,demo,demo_*,False,0,2,2
test_error_handling,test_error_handling.py,test,test_*,False,0,2,2
test_goap_evaluator,test_goap_evaluator.py,test,test_*,False,0,2,2
test_graph_analytics,test_graph_analytics.py,test,test_*,False,0,2,2
test_graph_manager_analytics_integration,test_graph_manager_analytics_integration.py,test,test_*,False,0,2,2
test_graphmanager_single_source,test_graphmanager_single_source.py,test,test_*,False,0,2,2
test_map_location_integration,test_map_location_integration.py,test,test_*,False,0,2,2
test_storytelling_comprehensive,test_storytelling_comprehensive.py,test,test_*,False,0,2,2
test_storytelling_engine,test_storytelling_engine.py,test,test_*,False,0,2,2
test_storytelling_system,test_storytelling_system.py,test,test_*,False,0,2,2
tiny_memories_alpha,tiny_memories_alpha.py,tiny,tiny_*,True,0,2,2
validate_event_strategy_integration,validate_event_strategy_integration.py,validation,validate_/verify_*,False,0,2,2
verify_single_source_of_truth,verify_single_source_of_truth.py,validation,validate_/verify_*,False,0,2,2
character_attribute_mapper,character_attribute_mapper.py,support,other,False,1,0,1
tiny_sr_mapping,tiny_sr_mapping.py,tiny,tiny_*,True,1,0,1
tiny_story_arc,tiny_story_arc.py,tiny,tiny_*,True,1,0,1
cosine_threshold_query,cosine_threshold_query.py,support,other,False,0,1,1
demo_advanced_utility,demo_advanced_utility.py,demo,demo_*,False,0,1,1
demo_enhanced_building_interactions,demo_enhanced_building_interactions.py,demo,demo_*,False,0,1,1
demo_event_system,demo_event_system.py,demo,demo_*,False,0,1,1
demo_map_interactivity,demo_map_interactivity.py,demo,demo_*,False,0,1,1
demo_system_integration_old,demo_system_integration_old.py,demo,demo_*,False,0,1,1
demo_talk_action_fix,demo_talk_action_fix.py,demo,demo_*,False,0,1,1
integration_test_map_interactivity,integration_test_map_interactivity.py,support,other,False,0,1,1
test_acceptance_criteria,test_acceptance_criteria.py,test,test_*,False,0,1,1
test_building_interactions,test_building_interactions.py,test,test_*,False,0,1,1
test_character_location_fix_demo,test_character_location_fix_demo.py,test,test_*,False,0,1,1
test_goap_evaluator_focused,test_goap_evaluator_focused.py,test,test_*,False,0,1,1
test_goap_simple,test_goap_simple.py,test,test_*,False,0,1,1
test_graph_manager_integration,test_graph_manager_integration.py,test,test_*,False,0,1,1
test_integration,test_integration.py,test,test_*,False,0,1,1
test_map_interactivity,test_map_interactivity.py,test,test_*,False,0,1,1
test_output_interpreter_social,test_output_interpreter_social.py,test,test_*,False,0,1,1
test_pathfinding_robustness,test_pathfinding_robustness.py,test,test_*,False,0,1,1
test_real_character_correct_approach,test_real_character_correct_approach.py,test,test_*,False,0,1,1
test_simple_integration,test_simple_integration.py,test,test_*,False,0,1,1
test_social_integration,test_social_integration.py,test,test_*,False,0,1,1
test_social_interactions,test_social_interactions.py,test,test_*,False,0,1,1
test_social_model,test_social_model.py,test,test_*,False,0,1,1
test_social_model_integration,test_social_model_integration.py,test,test_*,False,0,1,1
test_social_travel_prompt,test_social_travel_prompt.py,test,test_*,False,0,1,1
test_story_arc_implementation,test_story_arc_implementation.py,test,test_*,False,0,1,1
test_system_integration,test_system_integration.py,test,test_*,False,0,1,1
test_ui_enhancements,test_ui_enhancements.py,test,test_*,False,0,1,1
validate_refactoring,validate_refactoring.py,validation,validate_/verify_*,False,0,1,1
verify_fixes,verify_fixes.py,validation,validate_/verify_*,False,0,1,1
verify_storytelling_implementation,verify_storytelling_implementation.py,validation,validate_/verify_*,False,0,1,1
binary_to_decimal,binary_to_decimal.py,support,other,False,0,0,0
demo_error_handling,demo_error_handling.py,demo,demo_*,False,0,0,0
demo_llm_integration_features,demo_llm_integration_features.py,demo,demo_*,False,0,0,0
demo_mock_stock_antipattern,demo_mock_stock_antipattern.py,demo,demo_*,False,0,0,0
langchain_docs_mcp_proxy,langchain_docs_mcp_proxy.py,support,other,False,0,0,0
recent_event_list,recent_event_list.py,support,other,True,0,0,0
sort_faiss_results,sort_faiss_results.py,support,other,False,0,0,0
test_error_handling_simple,test_error_handling_simple.py,test,test_*,False,0,0,0
test_memory_antipattern_demo,test_memory_antipattern_demo.py,test,test_*,False,0,0,0
test_memory_fixes_validation,test_memory_fixes_validation.py,test,test_*,False,0,0,0
test_memory_magicmock_issue,test_memory_magicmock_issue.py,test,test_*,False,0,0,0
test_node_fixes_validation,test_node_fixes_validation.py,test,test_*,False,0,0,0
test_quick_memory_fixes,test_quick_memory_fixes.py,test,test_*,False,0,0,0
tiny_brain_io_fixed,tiny_brain_io_fixed.py,tiny,tiny_*,True,0,0,0
tiny_tart_reasoning,tiny_tart_reasoning.py,tiny,tiny_*,True,0,0,0
validate_implementations,validate_implementations.py,validation,validate_/verify_*,False,0,0,0
verify_improvements,verify_improvements.py,validation,validate_/verify_*,False,0,0,0
visual_demo_map_interactivity,visual_demo_map_interactivity.py,support,other,False,0,0,0
write_job_details,write_job_details.py,support,other,False,0,0,0
